{"assets/font/ubuntu/Ubuntu-Bold.ttf":["assets/font/ubuntu/Ubuntu-Bold.ttf"],"assets/font/ubuntu/Ubuntu-Medium.ttf":["assets/font/ubuntu/Ubuntu-Medium.ttf"],"assets/font/ubuntu/Ubuntu-Regular.ttf":["assets/font/ubuntu/Ubuntu-Regular.ttf"],"assets/image/6vally-favicon.png":["assets/image/6vally-favicon.png"],"assets/image/about-us.png":["assets/image/about-us.png"],"assets/image/add-products.png":["assets/image/add-products.png"],"assets/image/add.png":["assets/image/add.png"],"assets/image/add_bank.png":["assets/image/add_bank.png"],"assets/image/add_icon.png":["assets/image/add_icon.png"],"assets/image/address.png":["assets/image/address.png"],"assets/image/alarm.png":["assets/image/alarm.png"],"assets/image/already_withdrawn_icon.png":["assets/image/already_withdrawn_icon.png"],"assets/image/app-info.png":["assets/image/app-info.png"],"assets/image/app_w.png":["assets/image/app_w.png"],"assets/image/approve_icon.png":["assets/image/approve_icon.png"],"assets/image/arabic.png":["assets/image/arabic.png"],"assets/image/arrow.png":["assets/image/arrow.png"],"assets/image/attachment.png":["assets/image/attachment.png"],"assets/image/background.png":["assets/image/background.png"],"assets/image/bangladesh.png":["assets/image/bangladesh.png"],"assets/image/bank-info.png":["assets/image/bank-info.png"],"assets/image/bank.png":["assets/image/bank.png"],"assets/image/bank_card.png":["assets/image/bank_card.png"],"assets/image/bank_info.png":["assets/image/bank_info.png"],"assets/image/bar_code.png":["assets/image/bar_code.png"],"assets/image/bar_code_generate.png":["assets/image/bar_code_generate.png"],"assets/image/barcode_icon.png":["assets/image/barcode_icon.png"],"assets/image/billing_section.png":["assets/image/billing_section.png"],"assets/image/box.png":["assets/image/box.png"],"assets/image/branch.png":["assets/image/branch.png"],"assets/image/branch_icon.png":["assets/image/branch_icon.png"],"assets/image/c_policy.png":["assets/image/c_policy.png"],"assets/image/calender_icon.png":["assets/image/calender_icon.png"],"assets/image/call_i.png":["assets/image/call_i.png"],"assets/image/call_icon.png":["assets/image/call_icon.png"],"assets/image/camera_placeholder.png":["assets/image/camera_placeholder.png"],"assets/image/cancelled.png":["assets/image/cancelled.png"],"assets/image/card_white.png":["assets/image/card_white.png"],"assets/image/cart.png":["assets/image/cart.png"],"assets/image/cash_payment_icon.png":["assets/image/cash_payment_icon.png"],"assets/image/cloud-download.png":["assets/image/cloud-download.png"],"assets/image/confirm_purchase.png":["assets/image/confirm_purchase.png"],"assets/image/coupon.png":["assets/image/coupon.png"],"assets/image/credit_card.png":["assets/image/credit_card.png"],"assets/image/cross.png":["assets/image/cross.png"],"assets/image/cuate.png":["assets/image/cuate.png"],"assets/image/current_balance.png":["assets/image/current_balance.png"],"assets/image/dark.png":["assets/image/dark.png"],"assets/image/dark_mode.png":["assets/image/dark_mode.png"],"assets/image/decline_icon.png":["assets/image/decline_icon.png"],"assets/image/delete.png":["assets/image/delete.png"],"assets/image/delete_product.png":["assets/image/delete_product.png"],"assets/image/delivered.png":["assets/image/delivered.png"],"assets/image/delivered_icon.png":["assets/image/delivered_icon.png"],"assets/image/delivery_man_group_icon.png":["assets/image/delivery_man_group_icon.png"],"assets/image/delivery_man_icon.png":["assets/image/delivery_man_icon.png"],"assets/image/delivery_man_withdraw_icon.png":["assets/image/delivery_man_withdraw_icon.png"],"assets/image/deny_w.png":["assets/image/deny_w.png"],"assets/image/destination_marker.png":["assets/image/destination_marker.png"],"assets/image/digital_payment_icon.png":["assets/image/digital_payment_icon.png"],"assets/image/download.png":["assets/image/download.png"],"assets/image/e_call.png":["assets/image/e_call.png"],"assets/image/edit.png":["assets/image/edit.png"],"assets/image/edit_icon.png":["assets/image/edit_icon.png"],"assets/image/edit_profile.png":["assets/image/edit_profile.png"],"assets/image/edit_profile_icon.png":["assets/image/edit_profile_icon.png"],"assets/image/email_i.png":["assets/image/email_i.png"],"assets/image/email_icon.png":["assets/image/email_icon.png"],"assets/image/emergency_contact_icon.png":["assets/image/emergency_contact_icon.png"],"assets/image/emoji.png":["assets/image/emoji.png"],"assets/image/failled.png":["assets/image/failled.png"],"assets/image/filter_icon.png":["assets/image/filter_icon.png"],"assets/image/forget_password_icon.png":["assets/image/forget_password_icon.png"],"assets/image/free_delivery.png":["assets/image/free_delivery.png"],"assets/image/holder.png":["assets/image/holder.png"],"assets/image/home.png":["assets/image/home.png"],"assets/image/icons_search.png":["assets/image/icons_search.png"],"assets/image/india.png":["assets/image/india.png"],"assets/image/inputLine.png":["assets/image/inputLine.png"],"assets/image/language.png":["assets/image/language.png"],"assets/image/light_mode.png":["assets/image/light_mode.png"],"assets/image/limited_stock_icon.png":["assets/image/limited_stock_icon.png"],"assets/image/lock.png":["assets/image/lock.png"],"assets/image/log_out.png":["assets/image/log_out.png"],"assets/image/log_out_icon.png":["assets/image/log_out_icon.png"],"assets/image/logo.png":["assets/image/logo.png"],"assets/image/logo_white.png":["assets/image/logo_white.png"],"assets/image/logo_with_app_name.png":["assets/image/logo_with_app_name.png"],"assets/image/logout.png":["assets/image/logout.png"],"assets/image/map_bg.png":["assets/image/map_bg.png"],"assets/image/menu.png":["assets/image/menu.png"],"assets/image/message.png":["assets/image/message.png"],"assets/image/monthly_earning.png":["assets/image/monthly_earning.png"],"assets/image/my-shop.png":["assets/image/my-shop.png"],"assets/image/my_shop.png":["assets/image/my_shop.png"],"assets/image/no_data.png":["assets/image/no_data.png"],"assets/image/no_order_found.png":["assets/image/no_order_found.png"],"assets/image/notification_dialog.png":["assets/image/notification_dialog.png"],"assets/image/on_select.png":["assets/image/on_select.png"],"assets/image/onboarding_image_one.png":["assets/image/onboarding_image_one.png"],"assets/image/onboarding_image_three.png":["assets/image/onboarding_image_three.png"],"assets/image/onboarding_image_two.png":["assets/image/onboarding_image_two.png"],"assets/image/order_note.png":["assets/image/order_note.png"],"assets/image/order_pending_icon.png":["assets/image/order_pending_icon.png"],"assets/image/order_status_icon.png":["assets/image/order_status_icon.png"],"assets/image/order_summery.png":["assets/image/order_summery.png"],"assets/image/orders.png":["assets/image/orders.png"],"assets/image/out_icon.png":["assets/image/out_icon.png"],"assets/image/pay_by_wallet_icon.png":["assets/image/pay_by_wallet_icon.png"],"assets/image/payment_icon.png":["assets/image/payment_icon.png"],"assets/image/pending_icon.png":["assets/image/pending_icon.png"],"assets/image/pending_withdraw.png":["assets/image/pending_withdraw.png"],"assets/image/person_icon.png":["assets/image/person_icon.png"],"assets/image/pie-chart.png":["assets/image/pie-chart.png"],"assets/image/placeholder.jpg":["assets/image/placeholder.jpg"],"assets/image/popular_product_icon.png":["assets/image/popular_product_icon.png"],"assets/image/pos_icon.png":["assets/image/pos_icon.png"],"assets/image/pos_placeholder.png":["assets/image/pos_placeholder.png"],"assets/image/privacy-policy.png":["assets/image/privacy-policy.png"],"assets/image/product.png":["assets/image/product.png"],"assets/image/product_12.jpg":["assets/image/product_12.jpg"],"assets/image/product_2.png":["assets/image/product_2.png"],"assets/image/product_icon.png":["assets/image/product_icon.png"],"assets/image/product_icon_pp.png":["assets/image/product_icon_pp.png"],"assets/image/product_wise_delivery.png":["assets/image/product_wise_delivery.png"],"assets/image/profile.png":["assets/image/profile.png"],"assets/image/rating.png":["assets/image/rating.png"],"assets/image/ratting.png":["assets/image/ratting.png"],"assets/image/reason.png":["assets/image/reason.png"],"assets/image/refund_policy.png":["assets/image/refund_policy.png"],"assets/image/refunds.png":["assets/image/refunds.png"],"assets/image/return_icon.png":["assets/image/return_icon.png"],"assets/image/return_policy.png":["assets/image/return_policy.png"],"assets/image/returned.png":["assets/image/returned.png"],"assets/image/review.png":["assets/image/review.png"],"assets/image/scanner.png":["assets/image/scanner.png"],"assets/image/send.png":["assets/image/send.png"],"assets/image/settings.png":["assets/image/settings.png"],"assets/image/shipping.png":["assets/image/shipping.png"],"assets/image/shipping_icon.png":["assets/image/shipping_icon.png"],"assets/image/shop_address.png":["assets/image/shop_address.png"],"assets/image/shop_phone.png":["assets/image/shop_phone.png"],"assets/image/shop_product.png":["assets/image/shop_product.png"],"assets/image/shop_review.png":["assets/image/shop_review.png"],"assets/image/show_on_map.png":["assets/image/show_on_map.png"],"assets/image/spain.png":["assets/image/spain.png"],"assets/image/star.png":["assets/image/star.png"],"assets/image/success_icon.png":["assets/image/success_icon.png"],"assets/image/terms-and-conditions.png":["assets/image/terms-and-conditions.png"],"assets/image/toolbar_background.jpg":["assets/image/toolbar_background.jpg"],"assets/image/top_delivery_man.png":["assets/image/top_delivery_man.png"],"assets/image/top_selling_icon.png":["assets/image/top_selling_icon.png"],"assets/image/total_arned_icon.png":["assets/image/total_arned_icon.png"],"assets/image/total_earning.png":["assets/image/total_earning.png"],"assets/image/total_withdrawn.png":["assets/image/total_withdrawn.png"],"assets/image/transactions.png":["assets/image/transactions.png"],"assets/image/united_kindom.png":["assets/image/united_kindom.png"],"assets/image/upload.png":["assets/image/upload.png"],"assets/image/wallet.png":["assets/image/wallet.png"],"assets/image/withdrawable_balance.png":["assets/image/withdrawable_balance.png"],"assets/image/withdrawable_balance_icon.png":["assets/image/withdrawable_balance_icon.png"],"assets/language/ar.json":["assets/language/ar.json"],"assets/language/bn.json":["assets/language/bn.json"],"assets/language/en.json":["assets/language/en.json"],"assets/language/es.json":["assets/language/es.json"],"assets/language/hi.json":["assets/language/hi.json"],"packages/country_code_picker/flags/ad.png":["packages/country_code_picker/flags/ad.png"],"packages/country_code_picker/flags/ae.png":["packages/country_code_picker/flags/ae.png"],"packages/country_code_picker/flags/af.png":["packages/country_code_picker/flags/af.png"],"packages/country_code_picker/flags/ag.png":["packages/country_code_picker/flags/ag.png"],"packages/country_code_picker/flags/ai.png":["packages/country_code_picker/flags/ai.png"],"packages/country_code_picker/flags/al.png":["packages/country_code_picker/flags/al.png"],"packages/country_code_picker/flags/am.png":["packages/country_code_picker/flags/am.png"],"packages/country_code_picker/flags/an.png":["packages/country_code_picker/flags/an.png"],"packages/country_code_picker/flags/ao.png":["packages/country_code_picker/flags/ao.png"],"packages/country_code_picker/flags/aq.png":["packages/country_code_picker/flags/aq.png"],"packages/country_code_picker/flags/ar.png":["packages/country_code_picker/flags/ar.png"],"packages/country_code_picker/flags/as.png":["packages/country_code_picker/flags/as.png"],"packages/country_code_picker/flags/at.png":["packages/country_code_picker/flags/at.png"],"packages/country_code_picker/flags/au.png":["packages/country_code_picker/flags/au.png"],"packages/country_code_picker/flags/aw.png":["packages/country_code_picker/flags/aw.png"],"packages/country_code_picker/flags/ax.png":["packages/country_code_picker/flags/ax.png"],"packages/country_code_picker/flags/az.png":["packages/country_code_picker/flags/az.png"],"packages/country_code_picker/flags/ba.png":["packages/country_code_picker/flags/ba.png"],"packages/country_code_picker/flags/bb.png":["packages/country_code_picker/flags/bb.png"],"packages/country_code_picker/flags/bd.png":["packages/country_code_picker/flags/bd.png"],"packages/country_code_picker/flags/be.png":["packages/country_code_picker/flags/be.png"],"packages/country_code_picker/flags/bf.png":["packages/country_code_picker/flags/bf.png"],"packages/country_code_picker/flags/bg.png":["packages/country_code_picker/flags/bg.png"],"packages/country_code_picker/flags/bh.png":["packages/country_code_picker/flags/bh.png"],"packages/country_code_picker/flags/bi.png":["packages/country_code_picker/flags/bi.png"],"packages/country_code_picker/flags/bj.png":["packages/country_code_picker/flags/bj.png"],"packages/country_code_picker/flags/bl.png":["packages/country_code_picker/flags/bl.png"],"packages/country_code_picker/flags/bm.png":["packages/country_code_picker/flags/bm.png"],"packages/country_code_picker/flags/bn.png":["packages/country_code_picker/flags/bn.png"],"packages/country_code_picker/flags/bo.png":["packages/country_code_picker/flags/bo.png"],"packages/country_code_picker/flags/bq.png":["packages/country_code_picker/flags/bq.png"],"packages/country_code_picker/flags/br.png":["packages/country_code_picker/flags/br.png"],"packages/country_code_picker/flags/bs.png":["packages/country_code_picker/flags/bs.png"],"packages/country_code_picker/flags/bt.png":["packages/country_code_picker/flags/bt.png"],"packages/country_code_picker/flags/bv.png":["packages/country_code_picker/flags/bv.png"],"packages/country_code_picker/flags/bw.png":["packages/country_code_picker/flags/bw.png"],"packages/country_code_picker/flags/by.png":["packages/country_code_picker/flags/by.png"],"packages/country_code_picker/flags/bz.png":["packages/country_code_picker/flags/bz.png"],"packages/country_code_picker/flags/ca.png":["packages/country_code_picker/flags/ca.png"],"packages/country_code_picker/flags/cc.png":["packages/country_code_picker/flags/cc.png"],"packages/country_code_picker/flags/cd.png":["packages/country_code_picker/flags/cd.png"],"packages/country_code_picker/flags/cf.png":["packages/country_code_picker/flags/cf.png"],"packages/country_code_picker/flags/cg.png":["packages/country_code_picker/flags/cg.png"],"packages/country_code_picker/flags/ch.png":["packages/country_code_picker/flags/ch.png"],"packages/country_code_picker/flags/ci.png":["packages/country_code_picker/flags/ci.png"],"packages/country_code_picker/flags/ck.png":["packages/country_code_picker/flags/ck.png"],"packages/country_code_picker/flags/cl.png":["packages/country_code_picker/flags/cl.png"],"packages/country_code_picker/flags/cm.png":["packages/country_code_picker/flags/cm.png"],"packages/country_code_picker/flags/cn.png":["packages/country_code_picker/flags/cn.png"],"packages/country_code_picker/flags/co.png":["packages/country_code_picker/flags/co.png"],"packages/country_code_picker/flags/cr.png":["packages/country_code_picker/flags/cr.png"],"packages/country_code_picker/flags/cu.png":["packages/country_code_picker/flags/cu.png"],"packages/country_code_picker/flags/cv.png":["packages/country_code_picker/flags/cv.png"],"packages/country_code_picker/flags/cw.png":["packages/country_code_picker/flags/cw.png"],"packages/country_code_picker/flags/cx.png":["packages/country_code_picker/flags/cx.png"],"packages/country_code_picker/flags/cy.png":["packages/country_code_picker/flags/cy.png"],"packages/country_code_picker/flags/cz.png":["packages/country_code_picker/flags/cz.png"],"packages/country_code_picker/flags/de.png":["packages/country_code_picker/flags/de.png"],"packages/country_code_picker/flags/dj.png":["packages/country_code_picker/flags/dj.png"],"packages/country_code_picker/flags/dk.png":["packages/country_code_picker/flags/dk.png"],"packages/country_code_picker/flags/dm.png":["packages/country_code_picker/flags/dm.png"],"packages/country_code_picker/flags/do.png":["packages/country_code_picker/flags/do.png"],"packages/country_code_picker/flags/dz.png":["packages/country_code_picker/flags/dz.png"],"packages/country_code_picker/flags/ec.png":["packages/country_code_picker/flags/ec.png"],"packages/country_code_picker/flags/ee.png":["packages/country_code_picker/flags/ee.png"],"packages/country_code_picker/flags/eg.png":["packages/country_code_picker/flags/eg.png"],"packages/country_code_picker/flags/eh.png":["packages/country_code_picker/flags/eh.png"],"packages/country_code_picker/flags/er.png":["packages/country_code_picker/flags/er.png"],"packages/country_code_picker/flags/es.png":["packages/country_code_picker/flags/es.png"],"packages/country_code_picker/flags/et.png":["packages/country_code_picker/flags/et.png"],"packages/country_code_picker/flags/eu.png":["packages/country_code_picker/flags/eu.png"],"packages/country_code_picker/flags/fi.png":["packages/country_code_picker/flags/fi.png"],"packages/country_code_picker/flags/fj.png":["packages/country_code_picker/flags/fj.png"],"packages/country_code_picker/flags/fk.png":["packages/country_code_picker/flags/fk.png"],"packages/country_code_picker/flags/fm.png":["packages/country_code_picker/flags/fm.png"],"packages/country_code_picker/flags/fo.png":["packages/country_code_picker/flags/fo.png"],"packages/country_code_picker/flags/fr.png":["packages/country_code_picker/flags/fr.png"],"packages/country_code_picker/flags/ga.png":["packages/country_code_picker/flags/ga.png"],"packages/country_code_picker/flags/gb-eng.png":["packages/country_code_picker/flags/gb-eng.png"],"packages/country_code_picker/flags/gb-nir.png":["packages/country_code_picker/flags/gb-nir.png"],"packages/country_code_picker/flags/gb-sct.png":["packages/country_code_picker/flags/gb-sct.png"],"packages/country_code_picker/flags/gb-wls.png":["packages/country_code_picker/flags/gb-wls.png"],"packages/country_code_picker/flags/gb.png":["packages/country_code_picker/flags/gb.png"],"packages/country_code_picker/flags/gd.png":["packages/country_code_picker/flags/gd.png"],"packages/country_code_picker/flags/ge.png":["packages/country_code_picker/flags/ge.png"],"packages/country_code_picker/flags/gf.png":["packages/country_code_picker/flags/gf.png"],"packages/country_code_picker/flags/gg.png":["packages/country_code_picker/flags/gg.png"],"packages/country_code_picker/flags/gh.png":["packages/country_code_picker/flags/gh.png"],"packages/country_code_picker/flags/gi.png":["packages/country_code_picker/flags/gi.png"],"packages/country_code_picker/flags/gl.png":["packages/country_code_picker/flags/gl.png"],"packages/country_code_picker/flags/gm.png":["packages/country_code_picker/flags/gm.png"],"packages/country_code_picker/flags/gn.png":["packages/country_code_picker/flags/gn.png"],"packages/country_code_picker/flags/gp.png":["packages/country_code_picker/flags/gp.png"],"packages/country_code_picker/flags/gq.png":["packages/country_code_picker/flags/gq.png"],"packages/country_code_picker/flags/gr.png":["packages/country_code_picker/flags/gr.png"],"packages/country_code_picker/flags/gs.png":["packages/country_code_picker/flags/gs.png"],"packages/country_code_picker/flags/gt.png":["packages/country_code_picker/flags/gt.png"],"packages/country_code_picker/flags/gu.png":["packages/country_code_picker/flags/gu.png"],"packages/country_code_picker/flags/gw.png":["packages/country_code_picker/flags/gw.png"],"packages/country_code_picker/flags/gy.png":["packages/country_code_picker/flags/gy.png"],"packages/country_code_picker/flags/hk.png":["packages/country_code_picker/flags/hk.png"],"packages/country_code_picker/flags/hm.png":["packages/country_code_picker/flags/hm.png"],"packages/country_code_picker/flags/hn.png":["packages/country_code_picker/flags/hn.png"],"packages/country_code_picker/flags/hr.png":["packages/country_code_picker/flags/hr.png"],"packages/country_code_picker/flags/ht.png":["packages/country_code_picker/flags/ht.png"],"packages/country_code_picker/flags/hu.png":["packages/country_code_picker/flags/hu.png"],"packages/country_code_picker/flags/id.png":["packages/country_code_picker/flags/id.png"],"packages/country_code_picker/flags/ie.png":["packages/country_code_picker/flags/ie.png"],"packages/country_code_picker/flags/il.png":["packages/country_code_picker/flags/il.png"],"packages/country_code_picker/flags/im.png":["packages/country_code_picker/flags/im.png"],"packages/country_code_picker/flags/in.png":["packages/country_code_picker/flags/in.png"],"packages/country_code_picker/flags/io.png":["packages/country_code_picker/flags/io.png"],"packages/country_code_picker/flags/iq.png":["packages/country_code_picker/flags/iq.png"],"packages/country_code_picker/flags/ir.png":["packages/country_code_picker/flags/ir.png"],"packages/country_code_picker/flags/is.png":["packages/country_code_picker/flags/is.png"],"packages/country_code_picker/flags/it.png":["packages/country_code_picker/flags/it.png"],"packages/country_code_picker/flags/je.png":["packages/country_code_picker/flags/je.png"],"packages/country_code_picker/flags/jm.png":["packages/country_code_picker/flags/jm.png"],"packages/country_code_picker/flags/jo.png":["packages/country_code_picker/flags/jo.png"],"packages/country_code_picker/flags/jp.png":["packages/country_code_picker/flags/jp.png"],"packages/country_code_picker/flags/ke.png":["packages/country_code_picker/flags/ke.png"],"packages/country_code_picker/flags/kg.png":["packages/country_code_picker/flags/kg.png"],"packages/country_code_picker/flags/kh.png":["packages/country_code_picker/flags/kh.png"],"packages/country_code_picker/flags/ki.png":["packages/country_code_picker/flags/ki.png"],"packages/country_code_picker/flags/km.png":["packages/country_code_picker/flags/km.png"],"packages/country_code_picker/flags/kn.png":["packages/country_code_picker/flags/kn.png"],"packages/country_code_picker/flags/kp.png":["packages/country_code_picker/flags/kp.png"],"packages/country_code_picker/flags/kr.png":["packages/country_code_picker/flags/kr.png"],"packages/country_code_picker/flags/kw.png":["packages/country_code_picker/flags/kw.png"],"packages/country_code_picker/flags/ky.png":["packages/country_code_picker/flags/ky.png"],"packages/country_code_picker/flags/kz.png":["packages/country_code_picker/flags/kz.png"],"packages/country_code_picker/flags/la.png":["packages/country_code_picker/flags/la.png"],"packages/country_code_picker/flags/lb.png":["packages/country_code_picker/flags/lb.png"],"packages/country_code_picker/flags/lc.png":["packages/country_code_picker/flags/lc.png"],"packages/country_code_picker/flags/li.png":["packages/country_code_picker/flags/li.png"],"packages/country_code_picker/flags/lk.png":["packages/country_code_picker/flags/lk.png"],"packages/country_code_picker/flags/lr.png":["packages/country_code_picker/flags/lr.png"],"packages/country_code_picker/flags/ls.png":["packages/country_code_picker/flags/ls.png"],"packages/country_code_picker/flags/lt.png":["packages/country_code_picker/flags/lt.png"],"packages/country_code_picker/flags/lu.png":["packages/country_code_picker/flags/lu.png"],"packages/country_code_picker/flags/lv.png":["packages/country_code_picker/flags/lv.png"],"packages/country_code_picker/flags/ly.png":["packages/country_code_picker/flags/ly.png"],"packages/country_code_picker/flags/ma.png":["packages/country_code_picker/flags/ma.png"],"packages/country_code_picker/flags/mc.png":["packages/country_code_picker/flags/mc.png"],"packages/country_code_picker/flags/md.png":["packages/country_code_picker/flags/md.png"],"packages/country_code_picker/flags/me.png":["packages/country_code_picker/flags/me.png"],"packages/country_code_picker/flags/mf.png":["packages/country_code_picker/flags/mf.png"],"packages/country_code_picker/flags/mg.png":["packages/country_code_picker/flags/mg.png"],"packages/country_code_picker/flags/mh.png":["packages/country_code_picker/flags/mh.png"],"packages/country_code_picker/flags/mk.png":["packages/country_code_picker/flags/mk.png"],"packages/country_code_picker/flags/ml.png":["packages/country_code_picker/flags/ml.png"],"packages/country_code_picker/flags/mm.png":["packages/country_code_picker/flags/mm.png"],"packages/country_code_picker/flags/mn.png":["packages/country_code_picker/flags/mn.png"],"packages/country_code_picker/flags/mo.png":["packages/country_code_picker/flags/mo.png"],"packages/country_code_picker/flags/mp.png":["packages/country_code_picker/flags/mp.png"],"packages/country_code_picker/flags/mq.png":["packages/country_code_picker/flags/mq.png"],"packages/country_code_picker/flags/mr.png":["packages/country_code_picker/flags/mr.png"],"packages/country_code_picker/flags/ms.png":["packages/country_code_picker/flags/ms.png"],"packages/country_code_picker/flags/mt.png":["packages/country_code_picker/flags/mt.png"],"packages/country_code_picker/flags/mu.png":["packages/country_code_picker/flags/mu.png"],"packages/country_code_picker/flags/mv.png":["packages/country_code_picker/flags/mv.png"],"packages/country_code_picker/flags/mw.png":["packages/country_code_picker/flags/mw.png"],"packages/country_code_picker/flags/mx.png":["packages/country_code_picker/flags/mx.png"],"packages/country_code_picker/flags/my.png":["packages/country_code_picker/flags/my.png"],"packages/country_code_picker/flags/mz.png":["packages/country_code_picker/flags/mz.png"],"packages/country_code_picker/flags/na.png":["packages/country_code_picker/flags/na.png"],"packages/country_code_picker/flags/nc.png":["packages/country_code_picker/flags/nc.png"],"packages/country_code_picker/flags/ne.png":["packages/country_code_picker/flags/ne.png"],"packages/country_code_picker/flags/nf.png":["packages/country_code_picker/flags/nf.png"],"packages/country_code_picker/flags/ng.png":["packages/country_code_picker/flags/ng.png"],"packages/country_code_picker/flags/ni.png":["packages/country_code_picker/flags/ni.png"],"packages/country_code_picker/flags/nl.png":["packages/country_code_picker/flags/nl.png"],"packages/country_code_picker/flags/no.png":["packages/country_code_picker/flags/no.png"],"packages/country_code_picker/flags/np.png":["packages/country_code_picker/flags/np.png"],"packages/country_code_picker/flags/nr.png":["packages/country_code_picker/flags/nr.png"],"packages/country_code_picker/flags/nu.png":["packages/country_code_picker/flags/nu.png"],"packages/country_code_picker/flags/nz.png":["packages/country_code_picker/flags/nz.png"],"packages/country_code_picker/flags/om.png":["packages/country_code_picker/flags/om.png"],"packages/country_code_picker/flags/pa.png":["packages/country_code_picker/flags/pa.png"],"packages/country_code_picker/flags/pe.png":["packages/country_code_picker/flags/pe.png"],"packages/country_code_picker/flags/pf.png":["packages/country_code_picker/flags/pf.png"],"packages/country_code_picker/flags/pg.png":["packages/country_code_picker/flags/pg.png"],"packages/country_code_picker/flags/ph.png":["packages/country_code_picker/flags/ph.png"],"packages/country_code_picker/flags/pk.png":["packages/country_code_picker/flags/pk.png"],"packages/country_code_picker/flags/pl.png":["packages/country_code_picker/flags/pl.png"],"packages/country_code_picker/flags/pm.png":["packages/country_code_picker/flags/pm.png"],"packages/country_code_picker/flags/pn.png":["packages/country_code_picker/flags/pn.png"],"packages/country_code_picker/flags/pr.png":["packages/country_code_picker/flags/pr.png"],"packages/country_code_picker/flags/ps.png":["packages/country_code_picker/flags/ps.png"],"packages/country_code_picker/flags/pt.png":["packages/country_code_picker/flags/pt.png"],"packages/country_code_picker/flags/pw.png":["packages/country_code_picker/flags/pw.png"],"packages/country_code_picker/flags/py.png":["packages/country_code_picker/flags/py.png"],"packages/country_code_picker/flags/qa.png":["packages/country_code_picker/flags/qa.png"],"packages/country_code_picker/flags/re.png":["packages/country_code_picker/flags/re.png"],"packages/country_code_picker/flags/ro.png":["packages/country_code_picker/flags/ro.png"],"packages/country_code_picker/flags/rs.png":["packages/country_code_picker/flags/rs.png"],"packages/country_code_picker/flags/ru.png":["packages/country_code_picker/flags/ru.png"],"packages/country_code_picker/flags/rw.png":["packages/country_code_picker/flags/rw.png"],"packages/country_code_picker/flags/sa.png":["packages/country_code_picker/flags/sa.png"],"packages/country_code_picker/flags/sb.png":["packages/country_code_picker/flags/sb.png"],"packages/country_code_picker/flags/sc.png":["packages/country_code_picker/flags/sc.png"],"packages/country_code_picker/flags/sd.png":["packages/country_code_picker/flags/sd.png"],"packages/country_code_picker/flags/se.png":["packages/country_code_picker/flags/se.png"],"packages/country_code_picker/flags/sg.png":["packages/country_code_picker/flags/sg.png"],"packages/country_code_picker/flags/sh.png":["packages/country_code_picker/flags/sh.png"],"packages/country_code_picker/flags/si.png":["packages/country_code_picker/flags/si.png"],"packages/country_code_picker/flags/sj.png":["packages/country_code_picker/flags/sj.png"],"packages/country_code_picker/flags/sk.png":["packages/country_code_picker/flags/sk.png"],"packages/country_code_picker/flags/sl.png":["packages/country_code_picker/flags/sl.png"],"packages/country_code_picker/flags/sm.png":["packages/country_code_picker/flags/sm.png"],"packages/country_code_picker/flags/sn.png":["packages/country_code_picker/flags/sn.png"],"packages/country_code_picker/flags/so.png":["packages/country_code_picker/flags/so.png"],"packages/country_code_picker/flags/sr.png":["packages/country_code_picker/flags/sr.png"],"packages/country_code_picker/flags/ss.png":["packages/country_code_picker/flags/ss.png"],"packages/country_code_picker/flags/st.png":["packages/country_code_picker/flags/st.png"],"packages/country_code_picker/flags/sv.png":["packages/country_code_picker/flags/sv.png"],"packages/country_code_picker/flags/sx.png":["packages/country_code_picker/flags/sx.png"],"packages/country_code_picker/flags/sy.png":["packages/country_code_picker/flags/sy.png"],"packages/country_code_picker/flags/sz.png":["packages/country_code_picker/flags/sz.png"],"packages/country_code_picker/flags/tc.png":["packages/country_code_picker/flags/tc.png"],"packages/country_code_picker/flags/td.png":["packages/country_code_picker/flags/td.png"],"packages/country_code_picker/flags/tf.png":["packages/country_code_picker/flags/tf.png"],"packages/country_code_picker/flags/tg.png":["packages/country_code_picker/flags/tg.png"],"packages/country_code_picker/flags/th.png":["packages/country_code_picker/flags/th.png"],"packages/country_code_picker/flags/tj.png":["packages/country_code_picker/flags/tj.png"],"packages/country_code_picker/flags/tk.png":["packages/country_code_picker/flags/tk.png"],"packages/country_code_picker/flags/tl.png":["packages/country_code_picker/flags/tl.png"],"packages/country_code_picker/flags/tm.png":["packages/country_code_picker/flags/tm.png"],"packages/country_code_picker/flags/tn.png":["packages/country_code_picker/flags/tn.png"],"packages/country_code_picker/flags/to.png":["packages/country_code_picker/flags/to.png"],"packages/country_code_picker/flags/tr.png":["packages/country_code_picker/flags/tr.png"],"packages/country_code_picker/flags/tt.png":["packages/country_code_picker/flags/tt.png"],"packages/country_code_picker/flags/tv.png":["packages/country_code_picker/flags/tv.png"],"packages/country_code_picker/flags/tw.png":["packages/country_code_picker/flags/tw.png"],"packages/country_code_picker/flags/tz.png":["packages/country_code_picker/flags/tz.png"],"packages/country_code_picker/flags/ua.png":["packages/country_code_picker/flags/ua.png"],"packages/country_code_picker/flags/ug.png":["packages/country_code_picker/flags/ug.png"],"packages/country_code_picker/flags/um.png":["packages/country_code_picker/flags/um.png"],"packages/country_code_picker/flags/us.png":["packages/country_code_picker/flags/us.png"],"packages/country_code_picker/flags/uy.png":["packages/country_code_picker/flags/uy.png"],"packages/country_code_picker/flags/uz.png":["packages/country_code_picker/flags/uz.png"],"packages/country_code_picker/flags/va.png":["packages/country_code_picker/flags/va.png"],"packages/country_code_picker/flags/vc.png":["packages/country_code_picker/flags/vc.png"],"packages/country_code_picker/flags/ve.png":["packages/country_code_picker/flags/ve.png"],"packages/country_code_picker/flags/vg.png":["packages/country_code_picker/flags/vg.png"],"packages/country_code_picker/flags/vi.png":["packages/country_code_picker/flags/vi.png"],"packages/country_code_picker/flags/vn.png":["packages/country_code_picker/flags/vn.png"],"packages/country_code_picker/flags/vu.png":["packages/country_code_picker/flags/vu.png"],"packages/country_code_picker/flags/wf.png":["packages/country_code_picker/flags/wf.png"],"packages/country_code_picker/flags/ws.png":["packages/country_code_picker/flags/ws.png"],"packages/country_code_picker/flags/xk.png":["packages/country_code_picker/flags/xk.png"],"packages/country_code_picker/flags/ye.png":["packages/country_code_picker/flags/ye.png"],"packages/country_code_picker/flags/yt.png":["packages/country_code_picker/flags/yt.png"],"packages/country_code_picker/flags/za.png":["packages/country_code_picker/flags/za.png"],"packages/country_code_picker/flags/zm.png":["packages/country_code_picker/flags/zm.png"],"packages/country_code_picker/flags/zw.png":["packages/country_code_picker/flags/zw.png"],"packages/country_code_picker/src/i18n/af.json":["packages/country_code_picker/src/i18n/af.json"],"packages/country_code_picker/src/i18n/am.json":["packages/country_code_picker/src/i18n/am.json"],"packages/country_code_picker/src/i18n/ar.json":["packages/country_code_picker/src/i18n/ar.json"],"packages/country_code_picker/src/i18n/az.json":["packages/country_code_picker/src/i18n/az.json"],"packages/country_code_picker/src/i18n/be.json":["packages/country_code_picker/src/i18n/be.json"],"packages/country_code_picker/src/i18n/bg.json":["packages/country_code_picker/src/i18n/bg.json"],"packages/country_code_picker/src/i18n/bn.json":["packages/country_code_picker/src/i18n/bn.json"],"packages/country_code_picker/src/i18n/bs.json":["packages/country_code_picker/src/i18n/bs.json"],"packages/country_code_picker/src/i18n/ca.json":["packages/country_code_picker/src/i18n/ca.json"],"packages/country_code_picker/src/i18n/cs.json":["packages/country_code_picker/src/i18n/cs.json"],"packages/country_code_picker/src/i18n/da.json":["packages/country_code_picker/src/i18n/da.json"],"packages/country_code_picker/src/i18n/de.json":["packages/country_code_picker/src/i18n/de.json"],"packages/country_code_picker/src/i18n/el.json":["packages/country_code_picker/src/i18n/el.json"],"packages/country_code_picker/src/i18n/en.json":["packages/country_code_picker/src/i18n/en.json"],"packages/country_code_picker/src/i18n/es.json":["packages/country_code_picker/src/i18n/es.json"],"packages/country_code_picker/src/i18n/et.json":["packages/country_code_picker/src/i18n/et.json"],"packages/country_code_picker/src/i18n/fa.json":["packages/country_code_picker/src/i18n/fa.json"],"packages/country_code_picker/src/i18n/fi.json":["packages/country_code_picker/src/i18n/fi.json"],"packages/country_code_picker/src/i18n/fr.json":["packages/country_code_picker/src/i18n/fr.json"],"packages/country_code_picker/src/i18n/gl.json":["packages/country_code_picker/src/i18n/gl.json"],"packages/country_code_picker/src/i18n/ha.json":["packages/country_code_picker/src/i18n/ha.json"],"packages/country_code_picker/src/i18n/he.json":["packages/country_code_picker/src/i18n/he.json"],"packages/country_code_picker/src/i18n/hi.json":["packages/country_code_picker/src/i18n/hi.json"],"packages/country_code_picker/src/i18n/hr.json":["packages/country_code_picker/src/i18n/hr.json"],"packages/country_code_picker/src/i18n/hu.json":["packages/country_code_picker/src/i18n/hu.json"],"packages/country_code_picker/src/i18n/hy.json":["packages/country_code_picker/src/i18n/hy.json"],"packages/country_code_picker/src/i18n/id.json":["packages/country_code_picker/src/i18n/id.json"],"packages/country_code_picker/src/i18n/is.json":["packages/country_code_picker/src/i18n/is.json"],"packages/country_code_picker/src/i18n/it.json":["packages/country_code_picker/src/i18n/it.json"],"packages/country_code_picker/src/i18n/ja.json":["packages/country_code_picker/src/i18n/ja.json"],"packages/country_code_picker/src/i18n/ka.json":["packages/country_code_picker/src/i18n/ka.json"],"packages/country_code_picker/src/i18n/kk.json":["packages/country_code_picker/src/i18n/kk.json"],"packages/country_code_picker/src/i18n/km.json":["packages/country_code_picker/src/i18n/km.json"],"packages/country_code_picker/src/i18n/ko.json":["packages/country_code_picker/src/i18n/ko.json"],"packages/country_code_picker/src/i18n/ku.json":["packages/country_code_picker/src/i18n/ku.json"],"packages/country_code_picker/src/i18n/ky.json":["packages/country_code_picker/src/i18n/ky.json"],"packages/country_code_picker/src/i18n/lt.json":["packages/country_code_picker/src/i18n/lt.json"],"packages/country_code_picker/src/i18n/lv.json":["packages/country_code_picker/src/i18n/lv.json"],"packages/country_code_picker/src/i18n/mk.json":["packages/country_code_picker/src/i18n/mk.json"],"packages/country_code_picker/src/i18n/ml.json":["packages/country_code_picker/src/i18n/ml.json"],"packages/country_code_picker/src/i18n/mn.json":["packages/country_code_picker/src/i18n/mn.json"],"packages/country_code_picker/src/i18n/ms.json":["packages/country_code_picker/src/i18n/ms.json"],"packages/country_code_picker/src/i18n/nb.json":["packages/country_code_picker/src/i18n/nb.json"],"packages/country_code_picker/src/i18n/nl.json":["packages/country_code_picker/src/i18n/nl.json"],"packages/country_code_picker/src/i18n/nn.json":["packages/country_code_picker/src/i18n/nn.json"],"packages/country_code_picker/src/i18n/no.json":["packages/country_code_picker/src/i18n/no.json"],"packages/country_code_picker/src/i18n/pl.json":["packages/country_code_picker/src/i18n/pl.json"],"packages/country_code_picker/src/i18n/ps.json":["packages/country_code_picker/src/i18n/ps.json"],"packages/country_code_picker/src/i18n/pt.json":["packages/country_code_picker/src/i18n/pt.json"],"packages/country_code_picker/src/i18n/ro.json":["packages/country_code_picker/src/i18n/ro.json"],"packages/country_code_picker/src/i18n/ru.json":["packages/country_code_picker/src/i18n/ru.json"],"packages/country_code_picker/src/i18n/sd.json":["packages/country_code_picker/src/i18n/sd.json"],"packages/country_code_picker/src/i18n/sk.json":["packages/country_code_picker/src/i18n/sk.json"],"packages/country_code_picker/src/i18n/sl.json":["packages/country_code_picker/src/i18n/sl.json"],"packages/country_code_picker/src/i18n/so.json":["packages/country_code_picker/src/i18n/so.json"],"packages/country_code_picker/src/i18n/sq.json":["packages/country_code_picker/src/i18n/sq.json"],"packages/country_code_picker/src/i18n/sr.json":["packages/country_code_picker/src/i18n/sr.json"],"packages/country_code_picker/src/i18n/sv.json":["packages/country_code_picker/src/i18n/sv.json"],"packages/country_code_picker/src/i18n/ta.json":["packages/country_code_picker/src/i18n/ta.json"],"packages/country_code_picker/src/i18n/tg.json":["packages/country_code_picker/src/i18n/tg.json"],"packages/country_code_picker/src/i18n/th.json":["packages/country_code_picker/src/i18n/th.json"],"packages/country_code_picker/src/i18n/tr.json":["packages/country_code_picker/src/i18n/tr.json"],"packages/country_code_picker/src/i18n/tt.json":["packages/country_code_picker/src/i18n/tt.json"],"packages/country_code_picker/src/i18n/ug.json":["packages/country_code_picker/src/i18n/ug.json"],"packages/country_code_picker/src/i18n/uk.json":["packages/country_code_picker/src/i18n/uk.json"],"packages/country_code_picker/src/i18n/ur.json":["packages/country_code_picker/src/i18n/ur.json"],"packages/country_code_picker/src/i18n/uz.json":["packages/country_code_picker/src/i18n/uz.json"],"packages/country_code_picker/src/i18n/vi.json":["packages/country_code_picker/src/i18n/vi.json"],"packages/country_code_picker/src/i18n/zh.json":["packages/country_code_picker/src/i18n/zh.json"],"packages/cupertino_icons/assets/CupertinoIcons.ttf":["packages/cupertino_icons/assets/CupertinoIcons.ttf"],"packages/esc_pos_utils/resources/capabilities.json":["packages/esc_pos_utils/resources/capabilities.json"],"packages/fluttertoast/assets/toastify.css":["packages/fluttertoast/assets/toastify.css"],"packages/fluttertoast/assets/toastify.js":["packages/fluttertoast/assets/toastify.js"]}